insert into agencia values
(NULL, "agencia_10"),
(NULL, "agencia_20"),
(NULL, "agencia_30"),
(NULL, "agencia_40"),
(NULL, "agencia_50"),
(NULL, "agencia_60"),
(NULL, "agencia_70"),
(NULL, "agencia_80"),
(NULL, "agencia_90"),
(NULL, "agencia_100");

insert into carros values
(NULL , "Rover"       , "Mini Cooper 1.3"                        , "1992" , 106012 , 38 , 5),
(NULL , "Rolls-Royce" , "Phantom 6.7 V12 Aut."                   , "2013" , 51343  , 20 , 4),
(NULL , "SSANGYONG"   , "Musso GLX 2.9 TB Diesel Int. 120cv Mec" , "2001" , 92687  , 13 , 1),
(NULL , "Troller"     , "T-4 4x4 3.2 20V Tdi Cap. R"             , "2015" , 55590  , 11 , 7),
(NULL , "Chrysler"    , "300 C Touring 5.7 V8 16V 340cv Aut."    , "2005" , 130475 , 47 , 5),
(NULL , "Mahindra"    , "PIK-UP CS 2.2 4X2 (diesel) Mec."        , "2014" , 104913 , 30 , 2),
(NULL , "Subaru"      , "Legacy GL TW 2.0 4x4 Mec."              , "1995" , 182238 , 18 , 8),
(NULL , "Fiat"        , "UNO WAY XINGU 1.4 EVO F.Flex 8V 5p"     , "2013" , 175837 , 12 , 4),
(NULL , "Lotus"       , "Elan S-2 1.6 16V"                       , "1995" , 175983 , 45 , 10),
(NULL , "Jaguar"      , "S-Type 3.0/ 3.0 SE V6"                  , "1999" , 158929 , 48 , 6),
(NULL , "Saturn"      , "SL-2 1.9"                               , "1991" , 190660 , 50 , 2),
(NULL , "Lada"        , "Laika 1.5"                              , "1991" , 47717  , 21 , 9),
(NULL , "Lexus"       , "IS-300 3.0 24v 231cv Aut."              , "2012" , 178324 , 23 , 2),
(NULL , "Nissan"      , "VERSA SV 1.6 16V FlexStart 4p Aut."     , "2017" , 154144 , 10 , 3),
(NULL , "Jeep"        , "Cherokee Limited 3.2 4x4 V6 Aut."       , "2014" , 61198  , 37 , 1),
(NULL , "JINBEI"      , "TOPIC ESCOLAR SL 2.2 8V/ 2.0 16V 4p"    , "2009" , 90450  , 15 , 9),
(NULL , "Walk"        , "Buggy  Walk Sport 1.6 8V 58cv"          , "2005" , 117280 , 29 , 10),
(NULL , "Renault"     , "19 RN"                                  , "1994" , 183896 , 40 , 10),
(NULL , "Porsche"     , "911 Turbo S Cabriolet 3.6/3.8 24V"      , "2005" , 99170  , 32 , 10),
(NULL , "Hyundai"     , "HB20 Spicy 1.0 Flex 12V Mec."           , "2015" , 147897 , 33 , 2);

insert into pecas values
(NULL , "peca_1"  , 27058 , 11 , 8),
(NULL , "peca_2"  , 23915 , 43 , 8),
(NULL , "peca_3"  , 21871 , 18 , 8),
(NULL , "peca_4"  , 13814 , 37 , 9),
(NULL , "peca_5"  , 12630 , 38 , 8),
(NULL , "peca_6"  , 13543 , 22 , 6),
(NULL , "peca_7"  , 3795  , 40 , 7),
(NULL , "peca_8"  , 22674 , 42 , 1),
(NULL , "peca_9"  , 7772  , 36 , 2),
(NULL , "peca_10" , 20506 , 16 , 3),
(NULL , "peca_11" , 11517 , 19 , 10),
(NULL , "peca_12" , 14849 , 44 , 5),
(NULL , "peca_13" , 24201 , 20 , 6),
(NULL , "peca_14" , 23257 , 24 , 8),
(NULL , "peca_15" , 10531 , 32 , 4),
(NULL , "peca_16" , 25663 , 49 , 3),
(NULL , "peca_17" , 9097  , 26 , 1),
(NULL , "peca_18" , 7539  , 29 , 2),
(NULL , "peca_19" , 7095  , 14 , 5),
(NULL , "peca_20" , 14656 , 50 , 1);

insert into funcionarios values
("27445589317" , "Gael Thomas da Paz"                , "Rua Antônio Raposo"             , 3039 , 4),
("89746476726" , "Antonio Tiago Benjamin Brito"      , "Rua Benigina da Paixão Moraes"  , 2204 , 4),
("18707717105" , "Raimunda Mariane Fabiana Monteiro" , "Rua Amazonita"                  , 3198 , 10),
("80569540232" , "Fátima Mariah Almada"              , "Rua José Lombardi"              , 6527 , 8),
("57511184219" , "Benjamin Fábio Francisco da Rosa"  , "Rua Pinheiros"                  , 7533 , 5),
("88508474830" , "Julia Rafaela Mendes"              , "2ª Travessa Tomé de Sousa"      , 5316 , 5),
("13445907307" , "Emilly Louise Pires"               , "Travessa Alvorada"              , 6982 , 2),
("61261117107" , "Matheus Nathan Caio Duarte"        , "Rua Brandino Sikeira"           , 6474 , 1),
("66721721066" , "Fernando Danilo Pinto"             , "Rua Alenquer"                   , 3717 , 3),
("89626328533" , "Cauê Heitor Almeida"               , "Rua Galileu Borges de Oliveira" , 5873 , 1),
("26398976673" , "Jaqueline Betina Barros"           , "Rua Cento e Noventa e Nove"     , 5467 , 9),
("65511259993" , "Rosângela Luana Giovanna Costa"    , "Rua São Genaro"                 , 9939 , 6),
("25498698321" , "Analu Mirella Caldeira"            , "Rua São Paulo"                  , 2292 , 7),
("75702387295" , "João Rafael Francisco Gonçalves"   , "Travessa Sorriso"               , 2225 , 2),
("15420279770" , "Lucas Benedito Miguel Cavalcanti"  , "Rua dos Piquiás"                , 1829 , 1),
("15017569316" , "Arthur Roberto Moreira"            , "Rua das Ipoméias"               , 7407 , 9),
("95132676871" , "Otávio Vinicius Lucas da Rocha"    , "Rua José Ribamar"               , 2359 , 4),
("48362200847" , "Sérgio Yago Caio Araújo"           , "Quadra SQN 214"                 , 7289 , 7),
("68577468771" , "Isabella Helena Fernandes"         , "Avenida João Batista Coutinho"  , 5862 , 3),
("17950451246" , "Carolina Lívia Luzia das Neves"    , "Rua Antônio Costa Vieira 1122"  , 3697 , 7);

insert into clientes values
("17950451246" , "Carolina Lívia Luzia das Neves"      , "88992108651" , "Rua Antônio Costa Vieira 1122" , "MZU9650" , "26398976673")  ,
("63820920889" , "Kevin Victor Oliveira"               , "61998813587" , "Quadra QE 56 Área Especial 1"  , "MUI7565" , "18707717105")  ,
("53609843411" , "Guilherme Iago Anderson da Cruz"     , "63987549699" , "Rua 38-A"                      , "HZK2565" , "68577468771")  ,
("43063999903" , "Sophie Ester Cardoso"                , "95997292980" , "Rua Risos-do-Prado"            , "MBB2550" , "80569540232")  ,
("75205059524" , "Anthony Felipe Silva"                , "96981482408" , "Rua Tucidetes"                 , "KGU1248" , "88508474830")  ,
("44899433859" , "Olivia Catarina dos Santos"          , "61986085709" , "Quadra QN 110 Conjunto 2"      , "JMG7994" , "15017569316")  ,
("24269507047" , "Alessandra Fernanda Drumond"         , "67999048331" , "Rua Quatro"                    , "JAI8418" , "95132676871")  ,
("92104609100" , "Luciana Louise Moreira"              , "31982222917" , "Rua José Teófilo Marques"      , "NEQ8049" , "95132676871")  ,
("56981771047" , "Eduardo Lorenzo Brito"               , "95989883598" , "Rua Pedro Barbosa da Silva"    , "LVL2686" , "25498698321")  ,
("34826090986" , "Cláudia Regina Joana Almeida"        , "69986330785" , "Rua Anari"                     , "LSX9098" , "89626328533")  ,
("25969629693" , "Antônia Eloá Bernardes"              , "84998389713" , "Travessa Três de Maio"         , "LZF7997" , "68577468771")  ,
("63328920056" , "Anthony Diego Bryan Rodrigues"       , "68981458760" , "Travessa Verão"                , "HOP0913" , "17950451246")  ,
("81555880606" , "Elisa Patrícia Giovanna Dias"        , "21993126430" , "Rua João Caetano"              , "NBH0068" , "75702387295")  ,
("65263323743" , "Ester Clara Débora Viana"            , "61985523943" , "Quadra QR 419 Conjunto 6"      , "MPY8340" , "89626328533")  ,
("70534592333" , "Elias Erick Novaes"                  , "55995792839" , "Rua Félix Porciuncula"         , "KBN8387" , "25498698321")  ,
("53190489637" , "Priscila Juliana Carolina da Luz"    , "43991698222" , "Travessa Caviúna"              , "HBW3374" , "17950451246")  ,
("54902307979" , "Analu Stefany Fátima Bernardes"      , "81994537205" , "Rua Cinqüenta e Um"            , "FTH3149" , "15017569316")  ,
("18564226588" , "Bento Renan Marcos Vinicius Barbosa" , "69983200536" , "Rua José Bonifácio"            , "IAD3049" , "88508474830")  ,
("99753202520" , "Igor Nicolas Kauê Aparício"          , "82987694410" , "Rua Ipanema"                   , "BVI3602" , "75702387295")  ,
("89793089490" , "Rayssa Nair Pires"                   , "61991415916" , "Quadra Quadra 145"             , "MXB5493" , "65511259993");

insert into vendas values
(NULL , "34826090986" , 15 , "2021/06/18"),
(NULL , "65263323743" , 3  , "2015/11/05"),
(NULL , "99753202520" , 6  , "2019/05/04"),
(NULL , "81555880606" , 11 , "2011/10/25"),
(NULL , "25969629693" , 14 , "2019/04/27"),
(NULL , "53609843411" , 14 , "2018/06/04"),
(NULL , "24269507047" , 2  , "2014/10/11"),
(NULL , "92104609100" , 8  , "2017/12/04"),
(NULL , "18564226588" , 1  , "2000/08/08"),
(NULL , "75205059524" , 1  , "2003/12/12"),
(NULL , "89793089490" , 10 , "2005/09/25"),
(NULL , "53190489637" , 4  , "2016/01/24"),
(NULL , "63328920056" , 4  , "2019/12/26"),
(NULL , "56981771047" , 4  , "2018/03/16"),
(NULL , "70534592333" , 4  , "2017/03/30"),
(NULL , "43063999903" , 7  , "2010/05/05"),
(NULL , "44899433859" , 16 , "2013/06/22"),
(NULL , "54902307979" , 12 , "2014/09/26"),
(NULL , "17950451246" , 16 , "2012/01/31"),
(NULL , "63820920889" , 9  , "2001/01/22"),
(NULL , "63820920889" , 17 , "2007/07/12");

insert into trocas values
(NULL , "34826090986" , 15 , 3  , "2022/08/23"),
(NULL , "99753202520" , 6  , 20 , "2020/07/19"),
(NULL , "99753202520" , 20 , 13 , "2021/05/08"),
(NULL , "81555880606" , 11 , 13 , "2013/04/02"),
(NULL , "24269507047" , 2  , 8  , "2016/06/28"),
(NULL , "92104609100" , 8  , 2  , "2018/12/03"),
(NULL , "75205059524" , 1  , 5  , "2009/01/07"),
(NULL , "54902307979" , 12 , 16 , "2016/09/10"),
(NULL , "17950451246" , 16 , 12 , "2015/05/11"),
(NULL , "63820920889" , 17 , 18 , "2009/03/31");

insert into revisao values
(NULL , "34826090986" , 15 , "2021/07/21"),
(NULL , "34826090986" , 3  , "2022/09/12"),
(NULL , "65263323743" , 3  , "2022/03/25"),
(NULL , "99753202520" , 6  , "2020/06/18"),
(NULL , "99753202520" , 20 , "2021/02/09"),
(NULL , "99753202520" , 13 , "2022/07/20"),
(NULL , "81555880606" , 11 , "2012/04/16"),
(NULL , "81555880606" , 13 , "2022/10/21"),
(NULL , "25969629693" , 14 , "2020/05/18"),
(NULL , "53609843411" , 14 , "2022/12/13"),
(NULL , "24269507047" , 2  , "2015/05/08"),
(NULL , "24269507047" , 8  , "2021/07/29"),
(NULL , "92104609100" , 8  , "2018/10/22"),
(NULL , "92104609100" , 2  , "2022/09/24"),
(NULL , "18564226588" , 1  , "2022/06/29"),
(NULL , "75205059524" , 1  , "2008/12/30"),
(NULL , "75205059524" , 5  , "2019/01/29"),
(NULL , "89793089490" , 10 , "2018/07/10"),
(NULL , "53190489637" , 4  , "2022/01/29"),
(NULL , "63328920056" , 4  , "2022/05/04"),
(NULL , "56981771047" , 4  , "2019/07/18"),
(NULL , "70534592333" , 4  , "2021/12/06"),
(NULL , "43063999903" , 7  , "2022/07/07"),
(NULL , "44899433859" , 16 , "2020/03/01"),
(NULL , "54902307979" , 12 , "2015/07/11"),
(NULL , "54902307979" , 16 , "2022/12/08"),
(NULL , "17950451246" , 16 , "2014/09/13"),
(NULL , "17950451246" , 12 , "2017/06/19"),
(NULL , "63820920889" , 9  , "2022/05/06"),
(NULL , "63820920889" , 17 , "2006/08/10"),
(NULL , "63820920889" , 18 , "2017/06/02");

insert pecas_pagas values
(12, 15),
(26, 4),
(10, 10),
(10, 16),
(19, 7),
(8 , 9),
(8 ,18);
